"","lmPGLX","pglx","lmPE","pex","lm_avg_incr","avg_inc"
"1",0.977578681300088,0.983639294426625,0.910722980464795,1.10262831173817,153101.644409206,109638.118677741
